label,text
ham,I realise you are a busy guy and i'm trying not to be a bother. I have to get some exams outta the way and then try the cars. Do have a gr8 day
ham,A guy who gets used but is too dumb to realize it.
ham,Can you let me know details of fri when u find out cos I'm not in tom or fri. mentionned chinese. Thanks
ham,Hey you can pay. With salary de. Only  &lt;#&gt; .
ham,Good morning. At the repair shop--the ONLY reason i'm up at this hour.
spam,Free video camera phones with Half Price line rental for 12 mths and 500 cross ntwk mins 100 txts. Call MobileUpd8 08001950382 or Call2OptOut/674&
ham,Great. Hope you are using your connections from mode men also cos you can never know why old friends can lead you to today
spam,"Today's Offer! Claim ur £150 worth of discount vouchers! Text YES to 85023 now! SavaMob, member offers mobile! T Cs 08717898035. £3.00 Sub. 16 . Unsub reply X"
ham,Is toshiba portege m100 gd?
ham,Oh god..taken the teeth?is it paining
ham,LOL ... No just was busy
ham,Delhi and chennai still silent.
ham,Have you got Xmas radio times. If not i will get it now
spam,Dear Subscriber ur draw 4 £100 gift voucher will b entered on receipt of a correct ans. When was Elvis Presleys Birthday? TXT answer to 80062
ham,Nokia phone is lovly..
ham,This is my number by vivek..
ham,Send me the new number
spam,Urgent! Please call 09061743811 from landline. Your ABTA complimentary 4* Tenerife Holiday or £5000 cash await collection SAE T&Cs Box 326 CW25WX 150ppm
ham,I'll text now! All creepy like so he won't think that we forgot
ham,Nice.nice.how is it working?
ham,Are you there in room.
ham,"Ok da, i already planned. I wil pick you."
ham,I thk 530 lor. But dunno can get tickets a not. Wat u doing now?
ham,Dear i have reache room
ham,Hi Harish's rent has been transfred to ur Acnt.
ham,Huh but i cant go 2 ur house empty handed right?
ham,I uploaded mine to Facebook
ham,Hi its in durban are you still on this number
ham,"I've got  &lt;#&gt; , any way I could pick up?"
spam,"Orange customer, you may now claim your FREE CAMERA PHONE upgrade for your loyalty. Call now on 0207 153 9996. Offer ends 14thMarch. T&C's apply. Opt-out availa"
ham,Sorry da. I gone mad so many pending works what to do.
ham,COME BACK TO TAMPA FFFFUUUUUUU
ham,Most of the tiime when i don't let you hug me it's so i don't break into tears.
ham,Nvm take ur time.
ham,"It's not that you make me cry. It's just that when all our stuff happens on top of everything else, it pushes me over the edge. You don't underdtand how often i cry over my sorry, sorry life."
ham,"Hiya, had a good day? Have you spoken to since the weekend?"
spam,"SMS. ac sun0819 posts HELLO:""You seem cool, wanted to say hi. HI!!!"" Stop? Send STOP to 62468"
ham,"Hi, can i please get a  &lt;#&gt;  dollar loan from you. I.ll pay you back by mid february. Pls."
ham,"Got fujitsu, ibm, hp, toshiba... Got a lot of model how to say..."
ham,Does daddy have a bb now.
ham,I emailed yifeng my part oredi.. Can ü get it fr him..
ham,My slave! I want you to take 2 or 3 pictures of yourself today in bright light on your cell phone! Bright light!
ham,Nope... C ü then...
ham,Is that seriously how you spell his name?
ham,Yay! You better not have told that to 5 other girls either.
ham,Is avatar supposed to have subtoitles
ham,Hmm...my uncle just informed me that he's paying the school directly. So pls buy food.
ham,Ok.
ham,"Wow. I never realized that you were so embarassed by your accomodations. I thought you liked it, since i was doing the best i could and you always seemed so happy about ""the cave"". I'm sorry I didn't and don't have more to give. I'm sorry i offered. I'm sorry your room was so embarassing."
ham,You still coming tonight?
ham,K..k..any special today?
ham,Yes its possible but dint try. Pls dont tell to any one k
ham,Thanx but my birthday is over already.
ham,"You aren't coming home between class, right? I need to work out and shower!"
ham,"Just sent again. Do you scream and moan in bed, princess?"
ham,U reach orchard already? U wan 2 go buy tickets first?
ham,Dear how you. Are you ok?
ham,I accidentally brought em home in the box
ham,Dunno i juz askin cos i got a card got 20% off 4 a salon called hair sense so i tot it's da one ü cut ur hair. 
ham,I accidentally deleted the message. Resend please.
ham,I've reached home n i bathe liao... U can call me now...
ham,Heart is empty without love.. Mind is empty without wisdom.. Eyes r empty without dreams &amp; Life is empty without frnds.. So Alwys Be In Touch. Good night &amp; sweet dreams
spam,"This is the 2nd time we have tried 2 contact u. U have won the 750 Pound prize. 2 claim is easy, call 08712101358 NOW! Only 10p per min. BT-national-rate"
ham,True dear..i sat to pray evening and felt so.so i sms'd you in some time...
ham,"Sorry, I'll call later"
ham,Got it! It looks scrumptious... daddy wants to eat you all night long!
ham,Mine here like all fr china then so noisy.
ham,Headin towards busetop
ham,Ladies first and genus second k .
ham,"Whatever, juliana. Do whatever you want."
ham,At 7 we will go ok na.
ham,I dont know oh. Hopefully this month.
ham,Yup next stop.
ham,Mathews or tait or edwards or anderson
spam,Please CALL 08712402779 immediately as there is an urgent message waiting for you
ham,Yes:)sura in sun tv.:)lol.
ham,I.ll give her once i have it. Plus she said grinule greet you whenever we speak
ham,I will cme i want to go to hos 2morow. After that i wil cme. This what i got from her dear what to do. She didnt say any time
ham,"Sorry light turned green, I meant another friend wanted  &lt;#&gt;  worth but he may not be around"
ham,"SYMPTOMS when U are in love: ""1.U like listening songs 2.U get stopped where u see the name of your beloved 3.U won't get angry when your"
ham,"The house is on the water with a dock, a boat rolled up with a newscaster who dabbles in jazz flute behind the wheel"
ham,"Dear Hero,i am leaving to qatar tonite for an apt opportunity.pls do keep in touch at  &lt;EMAIL&gt; ,kerala"
ham,Can i get your opinion on something first?
ham,Stop calling everyone saying I might have cancer. My throat hurts to talk. I can't be answering everyones calls. If I get one more call I'm not babysitting on Monday
ham,Or I guess  &lt;#&gt;  min
ham,"Aight, I'm chillin in a friend's room so text me when you're on the way"
ham,Weightloss! No more girl friends. Make loads of money on ebay or something. And give thanks to God.
ham,"Just wondering, the others just took off"
ham,Congratulations ore mo owo re wa. Enjoy it and i wish you many happy moments to and fro wherever you go
ham,"Also sir, i sent you an email about how to log into the usc payment portal. I.ll send you another message that should explain how things are back home. Have a great weekend."
ham,From tomorrow onwards eve 6 to 3 work.
ham,"Erm … ill pick you up at about 6.45pm. That'll give enough time to get there, park and that."
ham,This pen thing is beyond a joke. Wont a Biro do? Don't do a masters as can't do this ever again! 
ham,"Haha figures, well I found the piece and priscilla's bowl"
ham,"I'm there and I can see you, but you can't see me ? Maybe you should reboot ym ? I seen the buzz"
ham,"I am real, baby! I want to bring out your inner tigress..."
ham,"I hope your alright babe? I worry that you might have felt a bit desparate when you learned the job was a fake ? I am here waiting when you come back, my love"
spam,Do you want a New Nokia 3510i colour phone DeliveredTomorrow? With 300 free minutes to any mobile + 100 free texts + Free Camcorder reply or call 08000930705.
ham,God bless.get good sleep my dear...i will pray!
ham,Oops I was in the shower when u called. Hey a parking garage collapsed at university hospital. See I'm not crazy. Stuff like that DOES happen.
spam,"Hello from Orange. For 1 month's free access to games, news and sport, plus 10 free texts and 20 photo messages, reply YES. Terms apply: www.orange.co.uk/ow"
ham,"Hey ! I want you ! I crave you ! I miss you ! I need you ! I love you, Ahmad Saeed al Hallaq ..."
spam,Call Germany for only 1 pence per minute! Call from a fixed line via access number 0844 861 85 85. No prepayment. Direct access!
ham,Where's mummy's boy ? Is he being good or bad ? Is he being positive or negative ? Why is mummy being made to wait? Hmmmm?
ham,"Awesome, lemme know whenever you're around"
ham,"Yes..but they said its IT.,"
ham,Otherwise had part time job na-tuition..
ham,"I had been hoping i would not have to send you this message. My rent is due and i dont have enough for it. My reserves are completely gone. Its a loan i need and was hoping you could her. The balance is  &lt;#&gt; . Is there a way i could get that from you, till mid march when i hope to pay back."
ham,"* Was really good to see you the other day dudette, been missing you!"
ham,Your dad is back in ph?
ham,Ü bot notes oredi... Cos i juz rem i got...
ham,There the size of elephant tablets & u shove um up ur ass!!
ham,After completed degree. There is no use in joining finance.
ham,Ok...
ham,Anything lor... U decide...
ham,"Just dropped em off, omw back now"
ham,"G says you never answer your texts, confirm/deny"
spam,Congratulations ur awarded either a yrs supply of CDs from Virgin Records or a Mystery Gift GUARANTEED Call 09061104283 Ts&Cs www.smsco.net £1.50pm approx 3mins
ham,K still are you loving me.
ham,Hey morning what you come to ask:-) pa...
ham,"Aight no rush, I'll ask jay"
spam,U have won a nokia 6230 plus a free digital camera. This is what u get when u win our FREE auction. To take part send NOKIA to 83383 now. POBOX114/14TCR/W1 16
ham,Jokin only lar... :-) depends on which phone my father can get lor...
ham,MAKE SURE ALEX KNOWS HIS BIRTHDAY IS OVER IN FIFTEEN MINUTES AS FAR AS YOU'RE CONCERNED
ham,"No idea, I guess we'll work that out an hour after we're supposed to leave since as usual nobody has any interest in figuring shit out before the last second"
ham,"Mon okie lor... Haha, best is cheap n gd food la, ex oso okie... Depends on whether wana eat western or chinese food... Den which u prefer... "
ham,No we sell it all so we'll have tons if coins. Then sell our coins to someone thru paypal. Voila! Money back in life pockets:)
ham,Send his number and give reply tomorrow morning for why you said that to him like that ok
ham,Both :) i shoot big loads so get ready!
ham,"No, I was trying it all weekend ;V"
ham,Tell them the drug dealer's getting impatient
ham,"Its so common hearin How r u? Wat r u doing? How was ur day? So let me ask u something different. Did u smile today? If not, do it now.... Gud evng."
spam,Fancy a shag? I do.Interested? sextextuk.com txt XXUK SUZY to 69876. Txts cost 1.50 per msg. TnCs on website. X
spam,We tried to call you re your reply to our sms for a video mobile 750 mins UNLIMITED TEXT + free camcorder Reply of call 08000930705 Now
ham,U really pig leh sleep so much. My dad wake me up at 10 smth 2 eat lunch today.
ham,Dude ive been seeing a lotta corvettes lately
ham,I cant pick the phone right now. Pls send a message
ham,How do you guys go to see movies on your side.
ham,Dis is yijue. I jus saw ur mail. In case huiming havent sent u my num. Dis is my num.
ham,Aight ill get on fb in a couple minutes
ham,Thinking of u ;) x
spam,"This is the 2nd time we have tried 2 contact u. U have won the 750 Pound prize. 2 claim is easy, call 08718726970 NOW! Only 10p per min. BT-national-rate "
ham,I will see in half an hour
ham,Sorry about that this is my mates phone and i didnt write it love Kate
ham,Yes..gauti and sehwag out of odi series.
ham,Yep. I do like the pink furniture tho.
ham,ALRITE
ham,"No dude, its not fake..my frnds got money, thts y i'm reffering u..if u member wit my mail link, u vl be credited  &lt;#&gt; rs and il be getiing  &lt;#&gt; rs..i can draw my acc wen it is  &lt;#&gt; rs.."
ham,This girl does not stay in bed. This girl doesn't need recovery time. Id rather pass out while having fun then be cooped up in bed
ham,"No my blankets are sufficient, thx"
ham,Gokila is talking with you aha:)
ham," came to look at the flat, seems ok, in his 50s? * Is away alot wiv work. Got woman coming at 6.30 too."
ham,Oh did you charge camera
ham,Hi. Hope you had a good day. Have a better night.
spam,BIG BROTHER ALERT! The computer has selected u for 10k cash or #150 voucher. Call 09064018838. NTT PO Box CRO1327 18+ BT Landline Cost 150ppm mobiles vary
ham,I HAVE A DATE ON SUNDAY WITH WILL!!
ham,"Cool, text me when you're ready"
ham,Nobody can decide where to eat and dad wants Chinese
spam,"YOU 07801543489 are guaranteed the latests Nokia Phone, a 40GB iPod MP3 player or a £500 prize! Txt word:COLLECT to No:83355! TC-LLC NY-USA 150p/Mt msgrcvd18+"
ham,No. Yes please. Been swimming?
ham,Dnt worry...use ice pieces in a cloth pack.also take 2 tablets.
ham,Cuz ibored. And don wanna study
ham,His bday real is in april .
ham,"Think i might have to give it a miss. Am teaching til twelve, then have lecture at two. Damn this working thing."
ham,Oh k.k..where did you take test?
spam,Message Important information for O2 user. Today is your lucky day! 2 find out why log onto http://www.urawinner.com there is a fantastic surprise awaiting you
ham,Good. Good job. I like entrepreneurs
ham,Ya! when are ü taking ure practical lessons? I start in june..  
ham,When you guys planning on coming over?
ham,Lol yeah at this point I guess not
ham,Exactly. Anyways how far. Is jide her to study or just visiting
ham,WHO ARE YOU SEEING?
ham,Pls help me tell Ashley that i cant find her number oh
ham,I liked the new mobile
spam,Please call our customer service representative on FREEPHONE 0808 145 4742 between 9am-11pm as you have WON a guaranteed £1000 cash or £5000 prize!
ham,The beauty of life is in next second.. which hides thousands of secrets. I wish every second will be wonderful in ur life...!! gud n8
ham,Hey what's up charles sorry about the late reply.
ham,Lol they were mad at first but then they woke up and gave in.
ham,Here got lots of hair dresser fr china.
ham,Then wat r u doing now? Busy wif work?
ham,"Dear,Me at cherthala.in case u r coming cochin pls call bfore u start.i shall also reach accordingly.or tell me which day u r coming.tmorow i am engaged ans its holiday."
ham,"Sorry that took so long, omw now"
ham,Yup... Ok i go home look at the timings then i msg ü again... Xuhui going to learn on 2nd may too but her lesson is at 8am
ham,K:)k..its good:)when are you going?
ham,"Watching cartoon, listening music &amp; at eve had to go temple &amp; church.. What about u?"
ham,Mm not entirely sure i understood that text but hey. Ho. Which weekend?
ham,"1.20 that call cost. Which i guess isnt bad. Miss ya, need ya, want ya, love ya"
ham,"I.ll always be there, even if its just in spirit. I.ll get a bb soon. Just trying to be sure i need it."
spam,"449050000301 You have won a £2,000 price! To claim, call 09050000301."
ham,Nope... Think i will go for it on monday... Sorry i replied so late
ham,"I can't speak, bcaz mobile have problem. I can listen you but you cann't listen my voice. So i calls you later."
ham,Yup i'm still having coffee wif my frens... My fren drove she'll give me a lift...
ham,You've already got a flaky parent. It'snot supposed to be the child's job to support the parent...not until they're The Ride age anyway. I'm supposed to be there to support you. And now i've hurt you. unintentional. But hurt nonetheless.
ham,Ok lor...
spam,Had your mobile 10 mths? Update to latest Orange camera/video phones for FREE. Save £s with Free texts/weekend calls. Text YES for a callback orno to opt out
ham,"Nothing, i got msg frm tht unknown no.."
ham,Hi where you. You in home or calicut?
ham,K. I will sent it again
ham,Pls give her prometazine syrup. 5mls then  &lt;#&gt; mins later feed.
ham,"Awesome, plan to get here any time after like  &lt;#&gt; , I'll text you details in a wee bit"
ham,I'm at bruce &amp; fowler now but I'm in my mom's car so I can't park (long story)
ham,"Hey chief, can you give me a bell when you get this. Need to talk to you about this royal visit on the 1st june. "
ham,So how's scotland. Hope you are not over showing your JJC tendencies. Take care. Live the dream
ham,All will come alive.better correct any good looking figure there itself..
ham,"Aiyo... Her lesson so early... I'm still sleepin, haha... Okie, u go home liao den confirm w me lor..."
ham,Feel Yourself That You Are Always Happy.. Slowly It Becomes Your Habit &amp; Finally It Becomes Part Of Your Life.. Follow It.. Happy Morning &amp; Have A Happy Day:)
ham,Yup i thk they r e teacher said that will make my face look longer. Darren ask me not 2 cut too short.
ham,cThen i thk shd b enuff.. Still got conclusion n contents pg n references.. I'll b doing da contents pg n cover pg..
ham,"YEH I AM DEF UP4 SOMETHING SAT,JUST GOT PAYED2DAY & I HAVBEEN GIVEN A£50 PAY RISE 4MY WORK & HAVEBEEN MADE PRESCHOOLCO-ORDINATOR 2I AM FEELINGOOD LUV"
spam,Your B4U voucher w/c 27/03 is MARSMS. Log onto www.B4Utele.com for discount credit. To opt out reply stop. Customer care call 08717168528
ham,I though we shd go out n have some fun so bar in town or something – sound ok?
ham,Hey r ü still online? I've finished the formatting...
spam,"Did you hear about the new ""Divorce Barbie""? It comes with all of Ken's stuff!"
ham,Pls send me the correct name da.
ham,Hi. || Do u want | to join me with sts later? || Meeting them at five. || Call u after class.
ham,Oh ok.. Wat's ur email?
ham,Customer place i will call you
ham,Now press conference da:)
ham,"Not sure yet, still trying to get a hold of him"
spam,Babe: U want me dont u baby! Im nasty and have a thing 4 filthyguys. Fancy a rude time with a sexy bitch. How about we go slo n hard! Txt XXX SLO(4msgs)
ham,Pls confirm the time to collect the cheque.
spam,"Fantasy Football is back on your TV. Go to Sky Gamestar on Sky Active and play £250k Dream Team. Scoring starts on Saturday, so register now!SKY OPT OUT to 88088"
ham,That seems unnecessarily affectionate
ham,Kaiez... Enjoy ur tuition... Gee... Thk e second option sounds beta... I'll go yan jiu den msg u...
spam,tells u 2 call 09066358152 to claim £5000 prize. U have 2 enter all ur mobile & personal details @ the prompts. Careful!
spam,HMV BONUS SPECIAL 500 pounds of genuine HMV vouchers to be won. Just answer 4 easy questions. Play Now! Send HMV to 86688 More info:www.100percent-real.com
ham,Ok. No wahala. Just remember that a friend in need ...
ham,Usually the body takes care of it buy making sure it doesnt progress. Can we pls continue this talk on saturday.
ham,Ok lor. Anyway i thk we cant get tickets now cos like quite late already. U wan 2 go look 4 ur frens a not? Darren is wif them now...
ham,Stupid.its not possible
ham,The evo. I just had to download flash. Jealous?
spam,Hope you enjoyed your new content. text stop to 61610 to unsubscribe. help:08712400602450p Provided by tones2you.co.uk
ham,Jay is snickering and tells me that x is totally fucking up the chords as we speak
ham,Yeah he got in at 2 and was v apologetic. n had fallen out and she was actin like spoilt child and he got caught up in that. Till 2! But we won't go there! Not doing too badly cheers. You? 
ham,I am going to sleep. I am tired of travel.
ham,And popping &lt;#&gt; ibuprofens was no help.
ham,No plm i will come da. On the way.
ham,"Sorry, I'll call later"
ham,I love to give massages. I use lots of baby oil... What is your fave position?
ham,"Will do, you gonna be at blake's all night? I might be able to get out of here a little early"
ham,I agree. So i can stop thinkin about ipad. Can you please ask macho the same question.
spam,URGENT! Your Mobile number has been awarded with a £2000 prize GUARANTEED. Call 09061790121 from land line. Claim 3030. Valid 12hrs only 150ppm
ham,K ill drink.pa then what doing. I need srs model pls send it to my mail id pa.
ham,U calling me right? Call my hand phone...
ham,Well. Balls. Time to make calls
ham,Lol ... I really need to remember to eat when I'm drinking but I do appreciate you keeping me company that night babe *smiles*
spam,"As a valued customer, I am pleased to advise you that following recent review of your Mob No. you are awarded with a £1500 Bonus Prize, call 09066368470"
ham,Will be out of class in a few hours. Sorry
ham,You are right. Meanwhile how's project twins comin up
spam,"This is the 2nd time we have tried to contact u. U have won the £400 prize. 2 claim is easy, just call 087104711148 NOW! Only 10p per minute. BT-national-rate"
ham,Gudnite....tc...practice going on
ham,Dai what this da.. Can i send my resume to this id.
ham,"Looks like you found something to do other than smoke, great job!"
ham,Give one miss from that number please
ham,"Okey doke. I'm at home, but not dressed cos laying around ill! Speak to you later bout times and stuff. "
ham,"Sir, good morning. Hope you had a good weekend. I called to let you know that i was able to raise  &lt;#&gt;  from my dad. He however said he would make the rest available by mid feb. This amount is still quite short and i was hoping you would help. Do have a good day. Abiola"
ham,"Damn, can you make it tonight or do you want to just wait til tomorrow"
spam,We tried to contact you re your reply to our offer of 750 mins 150 textand a new video phone call 08002988890 now or reply for free delivery tomorrow
ham,Now only i reached home. . . I am very tired now. . I will come tomorro
ham,I was at bugis juz now wat... But now i'm walking home oredi... Ü so late then reply... I oso saw a top dat i like but din buy... Where r ü now? 
ham,tap & spile at seven. * Is that pub on gas st off broad st by canal. Ok?
ham,I wud never mind if u dont miss me or if u dont need me.. But u wil really hurt me wen u need me &amp; u dont tell me......... Take care:-)
ham,O was not into fps then.
ham,Oic cos me n my sis got no lunch today my dad went out... So dunno whether 2 eat in sch or wat...
ham,Hey check it da. I have listed da.
ham,No need for the drug anymore.
spam,Please call our customer service representative on 0800 169 6031 between 10am-9pm as you have WON a guaranteed £1000 cash or £5000 prize!
ham,My tuition is at 330. Hm we go for the 1120 to 1205 one? Do you mind?
ham,I thk 50 shd be ok he said plus minus 10.. Did ü leave a line in between paragraphs?
spam,"SMSSERVICES. for yourinclusive text credits, pls goto www.comuk.net login= 3qxj9 unsubscribe with STOP, no extra charge. help 08702840625.COMUK. 220-CM2 9AE"
ham,I've been barred from all B and Q stores for life!?This twat in orange dungerees came up to me and asked if I wanted decking? So I got the first punch in!!
ham,If i not meeting ü all rite then i'll go home lor. If ü dun feel like comin it's ok.
ham,Ya srsly better than yi tho
spam,Ur cash-balance is currently 500 pounds - to maximize ur cash-in now send CASH to 86688 only 150p/msg. CC: 08718720201 PO BOX 114/14 TCR/W1
ham,Thanks for this hope you had a good day today
spam,Congratulations ur awarded 500 of CD vouchers or 125gift guaranteed & Free entry 2 100 wkly draw txt MUSIC to 87066
ham,Lol wtf random. Btw is that your lunch break
ham,ME 2 BABE I FEEL THE SAME LETS JUST 4GET ABOUT IT+BOTH TRY +CHEER UP+NOT FIT SOO MUCHXXLOVE U LOCAXX
ham,Ok thanx... Take care then...
ham,Ok set let u noe e details later...
spam,Not heard from U4 a while. Call 4 rude chat private line 01223585334 to cum. Wan 2C pics of me gettin shagged then text PIX to 8552. 2End send STOP 8552 SAM xxx
ham,So i'm doing a list of buyers.
ham,Haha mayb u're rite... U know me well. Da feeling of being liked by someone is gd lor. U faster go find one then all gals in our group attached liao.
ham,Its a part of checking IQ
ham,I wait 4 ü inside da car park...
ham,"Well, i'm gonna finish my bath now. Have a good...fine night."
ham,"Not much, just some textin'. How bout you?"
spam,HMV BONUS SPECIAL 500 pounds of genuine HMV vouchers to be won. Just answer 4 easy questions. Play Now! Send HMV to 86688 More info:www.100percent-real.com
spam,Ur ringtone service has changed! 25 Free credits! Go to club4mobiles.com to choose content now! Stop? txt CLUB STOP to 87070. 150p/wk Club4 PO Box1146 MK45 2WT
ham,Yo dude guess who just got arrested the other day
ham,I'm so in love with you. I'm excited each day i spend with you. You make me so happy.
ham,Call me when u're done...
ham,"Sweetheart, hope you are not having that kind of day! Have one with loads of reasons to smile. Biola"
ham,My friends use to call the same.
ham,Dont know supports ass and srt i thnk. I think ps3 can play through usb too
ham,"Wishing you and your family Merry ""X"" mas and HAPPY NEW Year in advance.."
ham,Hahaha..use your brain dear
ham,I want to tell you how bad I feel that basically the only times I text you lately are when I need drugs
spam,2/2 146tf150p
ham,HI DARLIN IM MISSIN U HOPE YOU ARE HAVING A GOOD TIME. WHEN ARE U BACK AND WHAT TIME IF U CAN GIVE ME A CALL AT HOME. JESS XX
ham,Hi:)cts employee how are you?
spam,Buy Space Invaders 4 a chance 2 win orig Arcade Game console. Press 0 for Games Arcade (std WAP charge) See o2.co.uk/games 4 Terms + settings. No purchase
ham,Gimme a few was  &lt;#&gt;  minutes ago
ham,i want to grasp your pretty booty :)
ham,Badrith is only for chennai:)i will surely pick for us:)no competition for him.
ham,No one interested. May be some business plan.
ham,Think + da. You wil do.
ham,Ok then i will come to ur home after half an hour
ham,somewhere out there beneath the pale moon light someone think in of u some where out there where dreams come true... goodnite &amp; sweet dreams
ham,I went to project centre
ham,"Sorry, I'll call later in meeting"
spam,Free entry in 2 a wkly comp to win FA Cup final tkts 21st May 2005. Text FA to 87121 to receive entry question(std txt rate)T&C's apply 08452810075over18's
ham,I'm leaving my house now.
ham,"Could you not read me, my Love ? I answered you"
ham,Ü log off 4 wat. It's sdryb8i
ham,Are you coming to day for class.
ham,"The fact that you're cleaning shows you know why i'm upset. Your priority is constantly ""what i want to do,"" not ""what i need to do."""
ham,"Okies... I'll go yan jiu too... We can skip ard oso, go cine den go mrt one, blah blah blah... "
ham,"chile, please! It's only a  &lt;DECIMAL&gt;  hour drive for me. I come down all the time and will be subletting feb-april for audition season."
ham,Yes:)here tv is always available in work place..
ham,Please da call me any mistake from my side sorry da. Pls da goto doctor.
ham,"God picked up a flower and dippeditinaDEW, lovingly touched itwhichturnedinto u, and the he gifted tomeandsaid,THIS FRIEND IS 4U"
ham,All e best 4 ur driving tmr :-)
ham,Meeting u is my work. . . Tel me when shall i do my work tomorrow
ham,Hey... What time is your driving on fri? We go for evaluation on fri?
ham,Ok that's great thanx a lot.
ham,How was txting and driving
spam,FREE UNLIMITED HARDCORE PORN direct 2 your mobile Txt PORN to 69200 & get FREE access for 24 hrs then chrgd@50p per day txt Stop 2exit. This msg is free
ham,Yes.. now only saw your message..
ham,"Aight, let me know when you're gonna be around usf"
ham,LMAO where's your fish memory when I need it?
ham,Wat time u finish ur lect today?
ham,"Do 1 thing! Change that sentence into: ""Because i want 2 concentrate in my educational career im leaving here.."""
ham,"I'll text carlos and let you know, hang on"
ham,God's love has no limit. God's grace has no measure. God's power has no boundaries. May u have God's endless blessings always in ur life...!! Gud ni8
ham,Pls dont forget to study
ham,HI ITS KATE CAN U GIVE ME A RING ASAP XXX
spam,"44 7732584351, Do you want a New Nokia 3510i colour phone DeliveredTomorrow? With 300 free minutes to any mobile + 100 free texts + Free Camcorder reply or call 08000930705."
spam,For taking part in our mobile survey yesterday! You can now have 500 texts 2 use however you wish. 2 get txts just send TXT to 80160 T&C www.txt43.com 1.50p
ham,"Hello, my love! How goes that day ? I wish your well and fine babe and hope that you find some job prospects. I miss you, boytoy ... *a teasing kiss*"
ham,I am back. Bit long cos of accident on a30. Had to divert via wadebridge.I had a brilliant weekend thanks. Speak soon. Lots of love
ham,Hi Dear Call me its urgnt. I don't know whats your problem. You don't want to work or if you have any other problem at least tell me. Wating for your reply.
ham,I'm home.
ham,"Ok thats cool. Its , just off either raglan rd or edward rd. Behind the cricket ground. Gimme ring when ur closeby see you tuesday."
ham,Small problem in auction:)punj now asking tiwary
ham,She left it very vague. She just said she would inform the person in accounting about the delayed rent and that i should discuss with the housing agency about my renting another place. But checking online now and all places around usc are  &lt;#&gt;  and up
ham,Except theres a chick with huge boobs.
ham,Mmm so yummy babe ... Nice jolt to the suzy
ham,You should change your fb to jaykwon thuglyfe falconerf
ham,I cant pick the phone right now. Pls send a message
ham,He's in lag. That's just the sad part but we keep in touch thanks to skype
ham,"Good good, billy mates all gone. Just been jogging, again! Did enjoy concert?"
ham,Talk to g and x about that
ham,"Ill call u 2mrw at ninish, with my address that icky American freek wont stop callin me 2 bad Jen k eh?"
ham,Hey i will be really pretty late... You want to go for the lesson first? I will join you. I'm only reaching tp mrt
ham,Will ü b going to esplanade fr home?
ham,You have got tallent but you are wasting.
ham,Oh. U must have taken your REAL Valentine out shopping first.
ham,Hey anyway i have to :-)
spam,FreeMsg: Txt: CALL to No: 86888 & claim your reward of 3 hours talk time to use from your phone now! Subscribe6GBP/mnth inc 3hrs 16 stop?txtStop
ham,"My planning usually stops at ""find hella weed, smoke hella weed"""
ham,I'm going 2 orchard now laready me reaching soon. U reaching?
ham,Its on in engalnd! But telly has decided it won't let me watch it and mia and elliot were kissing! Damn it!
ham,Good morning princess! Have a great day!
ham,"Derp. Which is worse, a dude who always wants to party or a dude who files a complaint about the three drug abusers he lives with"
ham,What not under standing.
ham,Have you laid your airtel line to rest?
spam,"In The Simpsons Movie released in July 2007 name the band that died at the start of the film? A-Green Day, B-Blue Day, C-Red Day. (Send A, B or C)"
ham,I liked your new house
ham,"I got like $ &lt;#&gt; , I can get some more later though. Get whatever you feel like"
spam,"3 FREE TAROT TEXTS! Find out about your love life now! TRY 3 FOR FREE! Text CHANCE to 85555 16 only! After 3 Free, Msgs £1.50 each"
ham,"Hey elaine, is today's meeting still on?"
ham,So ü'll be submitting da project tmr rite?
ham,"Got hella gas money, want to go on a grand nature adventure with galileo in a little bit?"
ham,"Sorry, I'll call later"
spam,You have an important customer service announcement from PREMIER.
ham,Thats cool. i am a gentleman and will treat you with dignity and respect.
ham,Hurt me... Tease me... Make me cry... But in the end of my life when i die plz keep one rose on my grave and say STUPID I MISS U.. HAVE A NICE DAY BSLVYL
ham,"Single line with a big meaning::::: ""Miss anything 4 ur ""Best Life"" but, don't miss ur best life for anything... Gud nyt..."
ham,Only 2% students solved this CAT question in 'xam... 5+3+2= &lt;#&gt;  9+2+4= &lt;#&gt;  8+6+3= &lt;#&gt;  then 7+2+5=????? Tell me the answer if u r brilliant...1thing.i got d answr.
ham,Wylie update: my weed dealer carlos went to freedom and had a class with lunsford
ham,Convey my regards to him
ham,"Y cant u try new invention to fly..i'm not joking.,"
ham,Don't fret. I'll buy the ovulation test strips and send them to you. You wont get them til like march. Can you send me your postal address.u'll be alright.Okay.
ham,"Good FRIENDS CaRE for each Other.. CLoSE Friends UNDERSTaND each Other... and TRUE Friends STaY forever beyond words, beyond time. Gud ni8"
ham,Lol for real. She told my dad I have cancer
ham,Slaaaaave ! Where are you ? Must I summon you to me all the time now ? Don't you wish to come to me on your own anymore?
ham,"Right on brah, see you later"
ham,:) 
ham,Y?WHERE U AT DOGBREATH? ITS JUST SOUNDING LIKE JAN C THATS AL!!!!!!!!!
spam,"You are being contacted by our Dating Service by someone you know! To find out who it is, call from your mobile or landline 09064017305 PoBox75LDNS7 "
spam,we tried to contact you re your response to our offer of a new nokia fone and camcorder hit reply or call 08000930705 for delivery
ham,"Wn u r hurt by d prsn who s close 2 u, do fight wit dem. Coz somtimes dis fight saves a relation bt being quiet leaves nothin in a relation.. Gud eveB-)"
ham,"Send ur birthdate with month and year, I will tel u ur LIFE PARTNER'S name. and the method of calculation. Reply must."
ham,"I can't keep going through this. It was never my intention to run you out, but if you choose to do that rather than keep the room clean so *I* don't have to say no to visitors, then maybe that's the best choice. Yes, I wanted you to be embarassed, so maybe you'd feel for once how I feel when i have a friend who wants to drop buy and i have to say no, as happened this morning. I've tried everything. I don't know what else to do."
ham,Oh yah... We never cancel leh... Haha 
spam,"Thanks for your ringtone order, reference number X49.Your mobile will be charged 4.50. Should your tone not arrive please call customer services 09065989182"
ham,Baaaaabe! I misss youuuuu ! Where are you ? I have to go and teach my class at 5 ...
ham,Watching tv lor...
ham,Also remember to get dobby's bowl from your car
ham,The Xmas story is peace.. The Xmas msg is love.. The Xmas miracle is jesus.. Hav a blessed month ahead &amp; wish U Merry Xmas...
ham,Ok.
ham,Well there's not a lot of things happening in Lindsay on New years *sighs* Some bars in Ptbo and the blue heron has something going
ham,Pandy joined 4w technologies today.he got job..
ham,Not yet had..ya sapna aunty manege y'day hogidhe..chinnu full weak and swalpa black agidhane..
spam,Are you unique enough? Find out from 30th August. www.areyouunique.co.uk
spam,URGENT! We are trying to contact you. Last weekends draw shows that you have won a £900 prize GUARANTEED. Call 09061701851. Claim code K61. Valid 12hours only
ham,Yo you around? A friend of mine's lookin to pick up later tonight
ham,Hey... are you going to quit soon? Xuhui and i working till end of the month 
ham,"Didn't try, g and I decided not to head out"
ham,"I think your mentor is , but not 100 percent sure."
ham,I am in office:)whats the matter..msg me now.i will call you at break:).
ham,"Aight, I'll hit you up when I get some cash"
ham,"Sorry, I'll call later"
ham,"Arngd marriage is while u r walkin unfortuntly a snake bites u. bt love marriage is dancing in frnt of d snake &amp; sayin Bite me, bite me."
ham,Orh i tot u say she now still dun believe.
ham,Ok. I asked for money how far
ham,"The  &lt;#&gt; g that i saw a few days ago, the guy wants sell wifi only for  &lt;#&gt;  and with 3g for  &lt;#&gt; . That's why i blanked him."
ham,"Imagine you finally get to sink into that bath after I have put you through your paces, maybe even having you eat me for a while before I left ... But also imagine the feel of that cage on your cock surrounded by the bath water, reminding you always who owns you ... Enjoy, my cuck"
ham,K..give back my thanks.
ham,"OH YEAH,AND HAV A GREAT TIME IN NEWQUAY-SEND ME A POSTCARD !1 LOOK AFTER ALL THE GIRLS WHILE IM GONE(U KNOW THE 1IM TALKIN BOUT!)xx"
ham,"Anyway I don't think I can secure anything up here, lemme know if you want me to drive down south and chill"
ham,"Dude u knw also telugu..thts gud..k, gud nyt.."
ham,I jokin oni lar.. Ü busy then i wun disturb ü.
ham,Ofcourse I also upload some songs
ham,He said i look pretty wif long hair wat. But i thk he's cutting quite short 4 me leh.
spam,from www.Applausestore.com MonthlySubscription@50p/msg max6/month T&CsC web age16 2stop txt stop
ham,Good night my dear.. Sleepwell&amp;Take care
ham,I will come tomorrow di
ham,How long does applebees fucking take
ham,How will I creep on you now? ;_;
ham,Is she replying. Has boye changed his phone number
ham,"My Parents, My Kidz, My Friends n My Colleagues. All screaming.. SURPRISE !! and I was waiting on the sofa.. ... ..... ' NAKED...!"
ham,Oooh bed ridden ey? What are YOU thinking of?
ham,"Aight, sounds good. When do you want me to come down?"
ham,Do u hav any frnd by name ashwini in ur college?
ham,Hi. Happy New Year. I dont mean to intrude but can you pls let me know how much tuition you paid last semester and how much this semester is. Thanks
spam,FREE entry into our £250 weekly comp just send the word WIN to 80086 NOW. 18 T&C www.txttowin.co.uk
ham,"Storming msg: Wen u lift d phne, u say ""HELLO"" Do u knw wt is d real meaning of HELLO?? . . . It's d name of a girl..! . . . Yes.. And u knw who is dat girl?? ""Margaret Hello"" She is d girlfrnd f Grahmbell who invnted telphone... . . . . Moral:One can 4get d name of a person, bt not his girlfrnd... G o o d n i g h t . . .@"
ham,I will see in half an hour
spam,Do you want a new Video phone? 600 anytime any network mins 400 Inclusive Video calls AND downloads 5 per week Free delTOMORROW call 08002888812 or reply NOW
ham,Great! How is the office today?
ham,Great. P diddy is my neighbor and comes for toothpaste every morning
ham,Ok...
ham,Home so we can always chat
ham,"Haha, my friend tyler literally just asked if you could get him a dubsack"
ham,Watching telugu movie..wat abt u?
spam,Valentines Day Special! Win over £1000 in our quiz and take your partner on the trip of a lifetime! Send GO to 83600 now. 150p/msg rcvd. CustCare:08718720201
ham,Crucify is c not s. You should have told me earlier.
ham,Hey come online! Use msn... We are all there
ham,"Watching cartoon, listening music &amp; at eve had to go temple &amp; church.. What about u?"
ham,Its too late:)but its k.wish you the same.
ham,"The sign of maturity is not when we start saying big things.. But actually it is, when we start understanding small things... *HAVE A NICE EVENING* BSLVYL"
ham,"It's wylie, you in tampa or sarasota?"
ham,I.ll get there tomorrow and send it to you
ham,Did you get any gift? This year i didnt get anything. So bad
ham,I dont understand your message.
ham,Da my birthdate in certificate is in april but real date is today. But dont publish it. I shall give you a special treat if you keep the secret. Any way thanks for the wishes
ham,I cant pick the phone right now. Pls send a message
ham,Depends on where u going lor.
spam,"We know someone who you know that fancies you. Call 09058097218 to find out who. POBox 6, LS15HB 150p"
ham,I will vote for wherever my heart guides me
ham,Hi ....My engagement has been fixd on  &lt;#&gt; th of next month. I know its really shocking bt....hmm njan vilikkam....t ws al of a sudn;-(.
spam,EASTENDERS TV Quiz. What FLOWER does DOT compare herself to? D= VIOLET E= TULIP F= LILY txt D E or F to 84025 NOW 4 chance 2 WIN £100 Cash WKENT/150P16+
ham,No she didnt. I will search online and let you know.
spam,"WELL DONE! Your 4* Costa Del Sol Holiday or £5000 await collection. Call 09050090044 Now toClaim. SAE, TCs, POBox334, Stockport, SK38xh, Cost£1.50/pm, Max10mins"
ham,Call me when u finish then i come n pick u.
ham,"Same here, but I consider walls and bunkers and shit important just because I never play on peaceful but I guess your place is high enough that it don't matter"
ham,"Short But Cute: ""Be a good person, but dont try to prove it.."" .Gud noon...."
spam,Sunshine Quiz Wkly Q! Win a top Sony DVD player if u know which country the Algarve is in? Txt ansr to 82277. £1.50 SP:Tyrone
spam,"Last Chance! Claim ur £150 worth of discount vouchers today! Text SHOP to 85023 now! SavaMob, offers mobile! T Cs SavaMob POBOX84, M263UZ. £3.00 Sub. 16"
ham,I forgot 2 ask ü all smth.. There's a card on da present lei... How? Ü all want 2 write smth or sign on it?
ham,Den wat will e schedule b lk on sun?
ham,"Aight, I should be there by 8 at the latest, probably closer to 7. Are jay and tyler down or should we just do two trips?"
ham,"It's cool, let me know before it kicks off around  &lt;#&gt; , I'll be out and about all day"
ham,Hey you told your name to gautham ah?
ham,I need you to be in my strong arms...
ham,Thanks for your message. I really appreciate your sacrifice. I'm not sure of the process of direct pay but will find out on my way back from the test tomorrow. I'm in class now. Do have a wonderful day.
ham,Oh k.i think most of wi and nz players unsold.
ham,"Nah, Wednesday. When should I bring the mini cheetos bag over?"
ham,"Hello, my love. What are you doing? Did you get to that interview today? Are you you happy? Are you being a good boy? Do you think of me?Are you missing me ?"
ham,Ok.
ham,"I'll see, but prolly yeah"
ham,No prob. I will send to your email.
ham,Early bird! Any purchases yet?
spam,4mths half price Orange line rental & latest camera phones 4 FREE. Had your phone 11mths+? Call MobilesDirect free on 08000938767 to update now! or2stoptxt T&Cs
ham,... Are you in the pub?
spam,FreeMsg:Feelin kinda lnly hope u like 2 keep me company! Jst got a cam moby wanna c my pic?Txt or reply DATE to 82242 Msg150p 2rcv Hlp 08712317606 stop to 82242
ham,So how are you really. What are you up to. How's the masters. And so on.
ham,"Haha awesome, I might need to take you up on that, what you doin tonight?"
ham,I fetch yun or u fetch?
ham,"My fri ah... Okie lor,goin 4 my drivin den go shoppin after tt..."
ham,"I call you later, don't have network. If urgnt, sms me."
ham,Let there be snow. Let there be snow. This kind of weather brings ppl together so friendships can grow.
ham,"Do you know why god created gap between your fingers..? So that, One who is made for you comes &amp; fills those gaps by holding your hand with LOVE..!"
spam,URGENT This is our 2nd attempt to contact U. Your £900 prize from YESTERDAY is still awaiting collection. To claim CALL NOW 09061702893. ACL03530150PM
ham,"Night has ended for another day, morning has come in a special way. May you smile like the sunny rays and leaves your worries at the blue blue bay."
ham,"Hurry up, I've been weed-deficient for like three days"
ham,I know that my friend already told that.
ham,Cool. So how come you havent been wined and dined before?
